"","x"
"1","10 bonnes raisons de te larguer"
"2","2001 L'Odyssée de l'Espace (1968)"
"3","21 Grams.avi"
"4","25TH_HOUR-1.mp4"
"5","28.Days.Later[2002]DvDrip[Eng]-aXXo"
"6","30 Days Of Night-1.m4v"
"7","300.mp4"
"8","40 Year Old Virgin-1.m4v"
"9","42.2013.HDRip.XViD-NoGrp.rmvb"
"10","50.50.2011.DVDScr.XviD-playXD.avi"
"11","500DAYSOFSUMMER.mp4"
"12","7 Cajas.mpg"
"13","7 years in Tibet"
"14","71"
"15","88 Mins-1.m4v"
"16","8MM (1999)"
"17","A bout portant"
"18","A Clockwork Orange.mp4"
"19","A Fine Line - Summits of My Life.mov"
"20","A Nightmare on Elm Street"
"21","Abductiion"
"22","Adultere, mode d'emploi"
"23","Ai-1.m4v"
"24","Air Force One"
"25","Alien 1.avi"
"26","Alien Vs Predator.avi"
"27","Altiplano"
"28","Amelie.avi"
"29","American Beauty [1999].avi"
"30","American Gangster"
"31","American History X"
"32","American Histroy X-1.m4v"
"33","American Psycho-1.m4v"
"34","American Psycho (2000)"
"35","Amistad"
"36","Amores Perros"
"37","Apocalypse Now Redux"
"38","APOCALYPTO.ISO"
"39","Arizona Dream"
"40","Armageddon (1998).Beef.Stew.RG"
"41","Arnaque Crime et Botanique"
"42","Arrmegadon-1.m4v"
"43","Asterix et Obelix contre Cesar"
"44","Asterix et Obelix mission cleopatre.avi"
"45","Avatar.mp4"
"46","Bad teacher"
"47","Bagdad Cafe"
"48","Bank Job-1.m4v"
"49","Banlieue 13"
"50","Barry Lyndon (1975)"
"51","BARTON FINK.m4v"
"52","baseketball.m4v"
"53","Batman"
"54","bees movie.m4v"
"55","Beetle Juice"
"56","Bienvenue en Suisse"
"57","BIG_FISH-1.mp4"
"58","Black Hawk Down (2001) [ENG] [DVDrip]"
"59","Black Swan {2010} DVDRIP. Jaybob"
"60","Blade-1.m4v"
"61","Blade2[XviD].dvdrip"
"62","Blended.2014.BRRIP.x264.AC3.CrEwSaDe"
"63","Blood Diamond"
"64","Blues Brothers"
"65","BODY_OF_LIES-1.m4v"
"66","Bon cop bad cop"
"67","Bone Collector"
"68","Boulevard de la Mort"
"69","Boys A"
"70","Braquage à l'Italienne"
"71","Braveheart"
"72","BRAZIL-1.mp4"
"73","Breaking the waves"
"74","Bridesmaids"
"75","Bruce Almighty-1.m4v"
"76","Bruce Lee - dbls.avi"
"77","Bruce Lee - Enter the Dragon.avi"
"78","Bruce Lee - Fist of Fury.avi"
"79","Bruce Lee - Fist of the Dragon.avi"
"80","Bruce Lee - Game of Death.avi"
"81","Bruce Lee - The Big Boss .avi"
"82","Bruce Lee - The Man the Myth.avi"
"83","Bruce Lee - The way of the Dragon.avi"
"84","butch cassidy et le kid"
"85","Butterfly Effect-1.m4v"
"86","Captain America The Winter Soldier"
"87","Carancho.mpg"
"88","Casino"
"89","Casino.Royale[2006]DvDrip[Eng]-aXXo"
"90","Cast Away.avi"
"91","Catch me if you can.mkv"
"92","Centurion (2010)"
"93","changeling.m4v"
"94","Chappie.2015.HDRip.XViD-ETRG"
"95","Charlie et la Chocolaterie"
"96","Chocolat [2000]"
"97","Citizen Kane"
"98","Citizenfour.2014.HDRiP.avi"
"99","Ciudade da Dios"
"100","Collateral"
"101","Colombiana"
"102","Coming to America [1988]"
"103","Con Air (1997)"
"104","Confucius.2010.DVDRip.XviD.AC3-ViSiON.divx"
"105","Confucius.2010.DVDRip.XviD.AC3-ViSiON.srt"
"106","Constintine-1.m4v"
"107","coraline.m4v"
"108","Couleur pourpre"
"109","Courageous.2011.BluRay.720p.x264.YIFY.avi"
"110","CROUCHING_TIGER"
"111","DARK_CITY-1.m4v"
"112","DARKDAYS-1.m4v"
"113","Dawn Of The Dead-1.m4v"
"114","Day In The Life Of Dan.m4v"
"115","Dead Poets Society[1989]DvDrip[Eng]-FXG"
"116","Delicatessen (1991)"
"117","Dersou Ouzala"
"118","Des Hommes et de Dieux"
"119","Desperado [1995].avi"
"120","Dias De Gracia.2012.Dvdscreener.XviD.SBT.avi"
"121","Die Hard 1 [1988]"
"122","Die Hard 2 - Die harder [1990]"
"123","Die Hard 3.m4v"
"124","Die Hard 4.m4v"
"125","Dikkenek"
"126","Dirty Dancing"
"127","Django Unchained"
"128","Dodgeball.m4v"
"129","Dog pound"
"130","Dogville .avi"
"131","Donne con le gonne"
"132","down by law.m4v"
"133","drive"
"134","Dude Where Is My Car-1.m4v"
"135","Dumb and Dumber To"
"136","E.T"
"137","Eastern Promises[2007]DvDrip[Eng]-FXG"
"138","Edge of Tomorrow"
"139","Edward Sisors Hands-1.m4v"
"140","El crimen del Padre Amaro"
"141","El Mariachi [1992]"
"142","Erin Brockovich"
"143","Eternal Sunshine of the Spotless Mind"
"144","Ex.Machina.2015.DVDRip.XViD-ETRG"
"145","Excalibur"
"146","Eyes Wide Shut (1998)"
"147","falling down.m4v"
"148","FANTASTIC_FOUR_4"
"149","Fargo"
"150","Farinelli (1994)"
"151","Fear And Loathing In Las Vegas (The Criterion Collection) 1998 DVDRip H264 AAC-Lifechanger"
"152","Federico Fellini - La Strada"
"153","Fellini's Amarcord"
"154","Fierce Creatures.avi"
"155","Fightclub"
"156","FINDING_NEVERLAND-1.m4v"
"157","five fingers.m4v"
"158","fletch-1.m4v"
"159","flight plan.m4v"
"160","Forbidden_Kingdom-1.mp4"
"161","Friends with benefits"
"162","From Dusk Till Dawn"
"163","Full Metal Jacket"
"164","Fury.2014.DVDSCR XviD-SaM[ETRG]"
"165","Gadjo Dilo"
"166","garden state.avi"
"167","GATTACA"
"168","Girl Interrupted"
"169","Gladiator Extended Cut"
"170","GOD_GREW_TIRED_OF_US-1.m4v"
"171","Gomorra"
"172","Gone.Girl.2014.HDRip.XviD-SaM[ETRG]"
"173","Good Morning Vietnam"
"174","Good Will Hunting"
"175","Goodfellas [1990].avi"
"176","Gran Torino"
"177","Green guys"
"178","guardians of galaxy.flv"
"179","Harry Brown"
"180","Harry Potter and the Deathly Hallows I.mp4"
"181","Harry Potter and the Deathly Hallows II.mp4"
"182","he is just not into you.m4v"
"183","Heat"
"184","Heist(2015)H264.1080p.BluRay.AC3_PapaFatHead.mkv"
"185","HIGH_FIDELITY-1.m4v"
"186","Hitch"
"187","Hot Fuzz.2007.BRRip-Xvid-720p-ToPKaT.avi"
"188","hot shots part due.m4v"
"189","Hotel Rwanda (2004) DVDrip XviD [ResourceRG]"
"190","house party.m4v"
"191","How the Grinch stole Christmas.mp4"
"192","How To Lose A Guy In 10 Days.avi"
"193","How to Train Your Dragon 2 (2014)"
"194","How to Train your Dragon.mkv"
"195","Hunger Games.mkv"
"196","I am #4"
"197","I Am Legend.m4v"
"198","I am Sam"
"199","I Heart Huckabees"
"200","I Vitelloni"
"201","I_LOVE_YOU_MAN-1.m4v"
"202","id-4.m4v"
"203","Ikiru (Vivre)"
"204","Il.Divo.2008.DVDRip.XviD-iAPULA[Movie-Torrentz]"
"205","Immortal Beloved-1.m4v"
"206","INCEPTION"
"207","inconvient truth.m4v"
"208","Indiana Jones 1 - The Raiders of the Lost Ark.avi"
"209","Indiana Jones 3 - The Last Crusade.avi"
"210","Indiana Jones 4.m4v"
"211","Indiana Jones The Temple of Doom.avi"
"212","Inglourious Basterds.avi"
"213","Inside Man"
"214","Inside.Job"
"215","Insomnia"
"216","Interview.With.The.Vampire[1994]DvDrip[Eng]"
"217","Iron Man"
"218","Iron.Man.3.avi"
"219","Its a Mad Mad Mad World.avi"
"220","jack ass 2.m4v"
"221","Jackie Brown"
"222","Jamaica Inn"
"223","james bond - 007- Skyfall -.mp4"
"224","James Bond - Goldeneye.avi"
"225","James Bond - Quantim of solace.mp4"
"226","Jarhead"
"227","Jeux de Guerre"
"228","JEWEL of the Nile"
"229","John.Wick.2014.HDRip.XViD-juggs[ETRG]"
"230","JUMANJI"
"231","JURASSIC Park"
"232","Kagemusha"
"233","Karate Kid 2-1.m4v"
"234","Kill Bill Vol 1"
"235","Kill Bill Vol 2"
"236","Killer Elite.mp4"
"237","killing.them.softly.2012.720p.bluray.dts.x264-publichd.mp4"
"238","King of New York"
"239","knocked up.m4v"
"240","Kung.Fu.Hustle[2004]DvDrip[Eng]-aXXo.avi"
"241","KUNG_FU_PANDA-16.m4v"
"242","L'île au trésor (1990)"
"243","L.Ultimo.Bacio.2001.iTALiAN.DVDRip.XviD-COP"
"244","La Cité des Hommes"
"245","La Dolce Vita"
"246","La Faille"
"247","La Haine"
"248","La.Regina.Dei.Castelli.Di.Carta.2010.iTALiAN"
"249","Le Grand Bleu"
"250","Legend of Bhagath Singh.avi"
"251","Leon - The Professional.avi"
"252","Les Vacances de Mr Bean"
"253","Limitless"
"254","Lincoln.2012.DVDSCR.XViD.AC3-FooKaS.avi"
"255","Little fockers"
"256","Lock, Stock and Two Smoking Barrels[1998]DvDrip[Eng]-BugZ"
"257","look.m4v"
"258","Loose change final cut"
"259","Lord Of War"
"260","Lord.Of.War[2005]DvDrip[Eng]-aXXo.avi"
"261","Love actually.mp4"
"262","Love.[Amour].2012.BRRip.AC3.HORiZON-ArtSubs"
"263","Mad.Max.1979.720p.BRRip.800MB.MkvCage.mkv"
"264","Mad.Max.2.The.Road.Warrior.1981.720p.BRRip.850MB.MkvCage.mkv"
"265","Mad.Max.Beyond.Thunderdome.1985.720p.BRRip.950MB.MkvCage.mkv"
"266","Mala educacion"
"267","Mar adentro"
"268","Marathon Man"
"269","Master Killer (The 36th Chamber Of Shaolin; Shao Lin san shih liu fang).avi"
"270","Midnight Express"
"271","Million Dollar Baby"
"272","Mistress of Spices.divx"
"273","momento-1.m4v"
"274","Monty Python"
"275","Moon-1.m4v"
"276","Mulholland Drive"
"277","Munich"
"278","Mystic River"
"279","new jack city.m4v"
"280","Newsmakers"
"281","Nightcrawler 2014 DVDscr XVID AC3 ACAB"
"282","NINJA_ASSASSIN-1.m4v"
"283","No Strings Attached.avi"
"284","Non ci resta che piangere"
"285","Office Space.m4v"
"286","oh brother where art thou.m4v"
"287","OMG Oh My God 2012"
"288","Ong bak3"
"289","Panic Room"
"290","Pans Labyrinth"
"291","parent hood.m4v"
"292","Pearl Harbor"
"293","Penguins of Madagascar"
"294","Perfume-The.Story Of A Murderer (2006)"
"295","personal affects.m4v"
"296","PI"
"297","pirates of the carribean.m4v"
"298","planet earth disk 2.m4v"
"299","planet earth disk 3.m4v"
"300","planet earth disk 4.m4v"
"301","planet earth disk 5.m4v"
"302","Platoon"
"303","Pleasantville.avi"
"304","Predator.avi"
"305","Project A - Jackie Chan"
"306","Project A2 - Jackie Chan"
"307","Public enemies"
"308","Pulp.Fiction.avi"
"309","Que Justice soit faite (Law Abiding Citizen, 2008)"
"310","RED_DRAGON"
"311","RELIGULOUS-1.m4v"
"312","Repo Men.avi"
"313","Requiem For a Dream"
"314","REQUIEM_DREAM-1.m4v"
"315","Resident Evil Afterlife (2010)"
"316","revenge of the nerds.m4v"
"317","revolutionary road.m4v"
"318","Rio"
"319","Rise of the Planet of the Apes.mp4"
"320","SAVING_PRIVATE_RYAN_1-11.m4v"
"321","Scarface"
"322","scary movie 2.m4v"
"323","scary movie 3.divx"
"324","Scott Pilgrim.mp4"
"325","Scream 1"
"326","Se7en.m4v"
"327","Searching.for.Sugar.Man"
"328","Sept Vies"
"329","Sex and the City"
"330","SHAUN_OF_THE_DEAD"
"331","Sherlock_Holmes_(2009)"
"332","Shrek 4.mp4"
"333","Shutter Island"
"334","Sin City 2005"
"335","Sin Nombre (2009)"
"336","Slumdog Millionaire"
"337","Slumdog Millionaire.avi"
"338","Snatch"
"339","Snatch.2000.BRRip.XviD.AC3-VLiS.avi"
"340","Sniper 3"
"341","Sniper Reloaded (2011)"
"342","Snow White and the Huntsman...2012.mp4"
"343","South Park - Bigger, Longer, Uncut.avi"
"344","Stalag 17"
"345","Stalingrad"
"346","Stand By Me-1.m4v"
"347","Star Wars - Episode II - L'Attaque Des Clones (2002).avi"
"348","Star Wars - Episode III - La Revanche des Sith (2005).avi"
"349","Star Wars IV-A.New.Hope[1977]DvDrip-aXXo.avi"
"350","Star Wars V-The.Empire.Strikes.Back[1980]DvDrip-aXXo.avi"
"351","Star Wars VI-Return.Of.The.Jedi[1983]DvDrip-aXXo.avi"
"352","Stargate [1994]"
"353","StarTrek (2009, EN).mp4"
"354","SUKIYAKIWESTERNDJANGO"
"355","summer skool.m4v"
"356","Superbad[2007][Unrated Editon]DvDrip[Eng]-FXG.avi"
"357","Suspicion (2000, Under Suspicion)"
"358","Synecdoche New York-1.m4v"
"359","taking of pelham 123.m4v"
"360","Talladega nites"
"361","Talons Aiguilles"
"362","Taxi (1998).avi"
"363","Taxi 2.avi"
"364","Taxi 3.AVI"
"365","Tchao Pantin"
"366","team america world police.m4v"
"367","TERMINATOR_SALVATION-1.m4v"
"368","Texas chainsaw massacre"
"369","The Adjustment Bureau {2011} DVDRIP. Jaybob .avi"
"370","The Blues Brothers(1980)[DVDrip]-Spectrael.avi"
"371","The Boat That Rocked"
"372","The Boondock Saints II All Saints Day (2009)"
"373","The Bourne Identity[2002]DvDrip AC3[Eng]-FXG.avi"
"374","The Bourne Supremacy[2004]DvDrip AC3[Eng]-FXG.avi"
"375","The Bourne Trilogy"
"376","The Bourne.Ultimatum.2007.DvD.XviD.Eng-FxM.avi"
"377","The Cell.m4v"
"378","The changeup"
"379","The China Question"
"380","The Collector"
"381","The Constant Gardener"
"382","The Curious Case of Benjamin Button"
"383","The Departed"
"384","The Dilemma"
"385","The Expendables 3"
"386","The Fifth Element[1997]"
"387","the fountain.m4v"
"388","The Green Lantern"
"389","The Hangover (2009)"
"390","The Hitchhiker's Guide to the Galaxy [2005].avi"
"391","the Hobbit part.mp4"
"392","The Hurt Locker DVD eng 2008 xivid [switch]"
"393","The Incredibles.mkv"
"394","The Insider"
"395","The Kite Runner.avi"
"396","The Last Samurai.mkv"
"397","The Lord of the Rings - The Fellowship of the Ring"
"398","The Lord Of The Rings_ The Return Of The"
"399","The Lord Of The Rings_ The Two Towers"
"400","The Manchurian Candidate.avi"
"401","The Matrix II - Reloaded.avi"
"402","The Matrix.avi"
"403","The Mist (2007, EN).avi"
"404","The Next Three Days.avi"
"405","The Orphanage"
"406","the prestigue.mp4"
"407","The Pursuit of Hypyness"
"408","the reader"
"409","The sitter"
"410","The Terrorist Next Door (2010)"
"411","The Way Back (2010)"
"412","The.Best.Exotic.Marigold.Hotel.2011.BDRip-AMIABLE.mp4"
"413","The.Judge.2014.HDRip.XviD-SaM[ETRG]"
"414","The.Last.King.Of.Scotland[2006]DvDrip[Eng]-aXXo"
"415","THE_ANIMATRIX"
"416","THE_CROW"
"417","THE_GOONIES"
"418","THE_MEN_WHO_STARE_AT_GOATS.m4v"
"419","THE_TOWN"
"420","there is something about mary.m4v"
"421","Thin Red Line.avi"
"422","Thumbs.db"
"423","Todo sobre mi madre (1999)"
"424","tombstone.m4v"
"425","Total Recall-1.m4v"
"426","Toy Story 3.vob"
"427","Training Day"
"428","Trainspotting"
"429","Tron Legacy (2010).mp4"
"430","Tropa Elite II.mp4"
"431","TROPIC THUNDER.m4v"
"432","Tsotsi (G. Hood, 2006)[+Extras]-aNaRCHo"
"433","Twelve Monkeys 1995 XviD ENG.avi"
"434","U-571"
"435","UKROSCHENIE_STROPTIVOGO"
"436","uncle buck.m4v"
"437","UOMINI CHE ODIANO LE DONNE.vob"
"438","UP.m4v"
"439","Very Bad Cop"
"440","Vicky Barcelona"
"441","Volver"
"442","waiting-2005.avi"
"443","Waltz with Bashir-1.m4v"
"444","War Of The Worlds (2005) [ENG] [DVDrip] [WS]"
"445","WATER"
"446","Water for elephants"
"447","WET_HOT_AMERICAN_SUMMER-1.m4v"
"448","Wild Things 2.avi"
"449","WILLOW"
"450","Wrong.avi"
"451","Wrong.Cops.2013.UNRATED.720p.H264"
"452","X-men 1"
"453","x-men 2"
"454","x-men 3"
"455","XXY.avi"
"456","Yojimbo"
"457","Zeitgeist"
"458","Zombieland-1.m4v"
"459","Zoolander(2001)[DVDrip]-Spectrael.avi"
